id,type,sectionId,sectionName,webPublicationDate,formatted_date,year,webTitle,webUrl,apiUrl,isHosted,pillarId,pillarName,wordcount,negative,neutral,positive
world/2024/feb/17/senior-pakistan-official-admits-election-rigging-as-protests-grip-country,article,world,World news,2024-02-17T14:43:59Z,17/2/2024,2024,Senior Pakistan official admits election rigging as protests grip country,https://www.theguardian.com/world/2024/feb/17/senior-pakistan-official-admits-election-rigging-as-protests-grip-country,https://content.guardianapis.com/world/2024/feb/17/senior-pakistan-official-admits-election-rigging-as-protests-grip-country,False,pillar/news,News,565,0.1335,0.8196666666666665,0.04691666666666667,-0.20785416666666667
us-news/2024/feb/17/fani-willis-trump-election-interference-case-consequences,article,us-news,US news,2024-02-17T13:00:15Z,17/2/2024,2024,"Fani Willis must prove herself before a judge, her voters and the whole country",https://www.theguardian.com/us-news/2024/feb/17/fani-willis-trump-election-interference-case-consequences,https://content.guardianapis.com/us-news/2024/feb/17/fani-willis-trump-election-interference-case-consequences,False,pillar/news,News,750,0.07222580645161292,0.8300967741935485,0.0977741935483871,0.01656774193548387
business/2024/feb/17/council-funding-crisis-tory-election-andy-haldane-england,article,business,Business,2024-02-17T09:00:11Z,17/2/2024,2024,"Failure to fix council funding crisis threatens Tory election pledge, adviser warns",https://www.theguardian.com/business/2024/feb/17/council-funding-crisis-tory-election-andy-haldane-england,https://content.guardianapis.com/business/2024/feb/17/council-funding-crisis-tory-election-andy-haldane-england,False,pillar/news,News,742,0.0828076923076923,0.8315384615384616,0.08576923076923079,-0.04450000000000002
politics/2024/feb/17/rishi-sunak-urged-to-block-convicted-of-sexual-offences-mp,article,politics,Politics,2024-02-17T07:00:07Z,17/2/2024,2024,Sunak urged to block anyone convicted of sexual offences from standing as MP,https://www.theguardian.com/politics/2024/feb/17/rishi-sunak-urged-to-block-convicted-of-sexual-offences-mp,https://content.guardianapis.com/politics/2024/feb/17/rishi-sunak-urged-to-block-convicted-of-sexual-offences-mp,False,pillar/news,News,688,0.13782608695652177,0.8044347826086957,0.05765217391304348,-0.2906521739130435
us-news/2024/feb/16/trump-fraud-case-trial-moments,article,us-news,US news,2024-02-16T21:21:37Z,16/2/2024,2024,Trump Organization civil fraud trial: five key moments,https://www.theguardian.com/us-news/2024/feb/16/trump-fraud-case-trial-moments,https://content.guardianapis.com/us-news/2024/feb/16/trump-fraud-case-trial-moments,False,pillar/news,News,1412,0.07109230769230769,0.9049076923076921,0.023999999999999994,-0.1497938461538462
us-news/2024/feb/16/how-will-trump-pay-trial-penalties,article,us-news,US news,2024-02-16T20:57:34Z,16/2/2024,2024,How will Donald Trump pay the $438m he owes in penalties from civil trials?,https://www.theguardian.com/us-news/2024/feb/16/how-will-trump-pay-trial-penalties,https://content.guardianapis.com/us-news/2024/feb/16/how-will-trump-pay-trial-penalties,False,pillar/news,News,953,0.08807142857142856,0.8452857142857143,0.06664285714285714,-0.058650000000000015
politics/2024/feb/16/rishi-sunak-conservative-tory-path-forward-byelections-analysis,article,politics,Politics,2024-02-16T18:25:40Z,16/2/2024,2024,Sunak faces conflicting calls over Tory path forward after bruising byelections,https://www.theguardian.com/politics/2024/feb/16/rishi-sunak-conservative-tory-path-forward-byelections-analysis,https://content.guardianapis.com/politics/2024/feb/16/rishi-sunak-conservative-tory-path-forward-byelections-analysis,False,pillar/news,News,648,0.06376470588235295,0.8569411764705881,0.07917647058823529,0.10079411764705883
commentisfree/2024/feb/16/the-guardian-view-on-more-tory-byelection-misery-civil-war-looms-on-the-right,article,commentisfree,Opinion,2024-02-16T18:25:40Z,16/2/2024,2024,The Guardian view on more Tory byelection misery: civil war looms on the right | Editorial,https://www.theguardian.com/commentisfree/2024/feb/16/the-guardian-view-on-more-tory-byelection-misery-civil-war-looms-on-the-right,https://content.guardianapis.com/commentisfree/2024/feb/16/the-guardian-view-on-more-tory-byelection-misery-civil-war-looms-on-the-right,False,pillar/opinion,Opinion,597,0.10013043478260869,0.7969130434782609,0.10295652173913043,-0.05152608695652173
world/2024/feb/16/a-bit-of-a-bashing-for-swedish-neutrality,article,world,World news,2024-02-16T18:19:14Z,16/2/2024,2024,A bit of a bashing for Swedish neutrality | Brief letters,https://www.theguardian.com/world/2024/feb/16/a-bit-of-a-bashing-for-swedish-neutrality,https://content.guardianapis.com/world/2024/feb/16/a-bit-of-a-bashing-for-swedish-neutrality,False,pillar/news,News,298,0.13673333333333332,0.7733333333333333,0.08986666666666668,-0.04018666666666668
politics/live/2024/feb/16/kingswood-wellingborough-byelections-sunak-starmer-labour-conservatives-results-uk-politics-live-friday,liveblog,politics,Politics,2024-02-16T16:06:26Z,16/2/2024,2024,UK politics: Sunak talks up tax cuts after byelection defeats – as it happened,https://www.theguardian.com/politics/live/2024/feb/16/kingswood-wellingborough-byelections-sunak-starmer-labour-conservatives-results-uk-politics-live-friday,https://content.guardianapis.com/politics/live/2024/feb/16/kingswood-wellingborough-byelections-sunak-starmer-labour-conservatives-results-uk-politics-live-friday,False,pillar/news,News,9101,0.051764705882352935,0.7812941176470587,0.16688235294117645,0.2621117647058823
us-news/2024/feb/16/biden-trump-age-georgia-election,article,us-news,US news,2024-02-16T13:46:20Z,16/2/2024,2024,Georgia voters shrug off Biden-Trump age question,https://www.theguardian.com/us-news/2024/feb/16/biden-trump-age-georgia-election,https://content.guardianapis.com/us-news/2024/feb/16/biden-trump-age-georgia-election,False,pillar/news,News,946,0.03995,0.8675000000000003,0.092525,0.12241000000000005
world/2024/feb/16/he-must-surrender-mothers-fight-for-justice-amid-indonesian-regime-change,article,world,World news,2024-02-16T13:43:44Z,16/2/2024,2024,‘A betrayal’: mother’s fight for justice as Indonesia elects Suharto era figure,https://www.theguardian.com/world/2024/feb/16/he-must-surrender-mothers-fight-for-justice-amid-indonesian-regime-change,https://content.guardianapis.com/world/2024/feb/16/he-must-surrender-mothers-fight-for-justice-amid-indonesian-regime-change,False,pillar/news,News,888,0.12460000000000004,0.7959999999999999,0.07942500000000001,-0.13736999999999996
commentisfree/2024/feb/16/labour-byelection-victories-wellingborough-kingswood-tory-era-over,article,commentisfree,Opinion,2024-02-16T12:25:49Z,16/2/2024,2024,The voters of Wellingborough and Kingswood said one thing with one voice: the Tory era is over | Polly Toynbee,https://www.theguardian.com/commentisfree/2024/feb/16/labour-byelection-victories-wellingborough-kingswood-tory-era-over,https://content.guardianapis.com/commentisfree/2024/feb/16/labour-byelection-victories-wellingborough-kingswood-tory-era-over,False,pillar/opinion,Opinion,873,0.12652941176470586,0.7872352941176473,0.0863235294117647,-0.16108235294117645
uk-news/2024/feb/16/edf-hinkley-point-c-delays-cost-overruns,article,uk-news,UK news,2024-02-16T12:04:25Z,16/2/2024,2024,EDF takes €12.9bn hit after Hinkley Point C delays and cost overruns,https://www.theguardian.com/uk-news/2024/feb/16/edf-hinkley-point-c-delays-cost-overruns,https://content.guardianapis.com/uk-news/2024/feb/16/edf-hinkley-point-c-delays-cost-overruns,False,pillar/news,News,501,0.06019999999999999,0.8974499999999999,0.04240000000000001,-0.12825499999999998
us-news/2024/feb/16/donald-trump-fine-verdict-new-york-fraud-trial,article,us-news,US news,2024-02-16T11:00:44Z,16/2/2024,2024,Ruling expected in Donald Trump’s $370m New York fraud trial,https://www.theguardian.com/us-news/2024/feb/16/donald-trump-fine-verdict-new-york-fraud-trial,https://content.guardianapis.com/us-news/2024/feb/16/donald-trump-fine-verdict-new-york-fraud-trial,False,pillar/news,News,537,0.08677272727272727,0.8615454545454546,0.05168181818181818,-0.1357136363636364
politics/2024/feb/16/keir-starmer-byelection-wins-labour-wellingborough-kingswood,article,politics,Politics,2024-02-16T10:27:27Z,16/2/2024,2024,Starmer says ‘fantastic’ byelection wins show Labour is trusted to deliver change,https://www.theguardian.com/politics/2024/feb/16/keir-starmer-byelection-wins-labour-wellingborough-kingswood,https://content.guardianapis.com/politics/2024/feb/16/keir-starmer-byelection-wins-labour-wellingborough-kingswood,False,pillar/news,News,849,0.04048275862068966,0.8505172413793102,0.10899999999999999,0.1999379310344827
politics/2024/feb/16/uk-must-deepen-europe-defence-ties-in-face-of-trump-threat-says-macron-ally,article,politics,Politics,2024-02-16T10:21:20Z,16/2/2024,2024,"UK must deepen Europe defence ties in face of Trump threat, says Macron ally",https://www.theguardian.com/politics/2024/feb/16/uk-must-deepen-europe-defence-ties-in-face-of-trump-threat-says-macron-ally,https://content.guardianapis.com/politics/2024/feb/16/uk-must-deepen-europe-defence-ties-in-face-of-trump-threat-says-macron-ally,False,pillar/news,News,862,0.06784615384615386,0.8224615384615384,0.10973076923076922,0.16397692307692308
world/2024/feb/16/friday-briefing-labour-hand-the-tories-two-painful-byelection-defeats,article,world,World news,2024-02-16T07:00:50Z,16/2/2024,2024,Friday briefing: Labour hand the Tories two painful byelection defeats,https://www.theguardian.com/world/2024/feb/16/friday-briefing-labour-hand-the-tories-two-painful-byelection-defeats,https://content.guardianapis.com/world/2024/feb/16/friday-briefing-labour-hand-the-tories-two-painful-byelection-defeats,False,pillar/news,News,2594,0.06434615384615386,0.8411442307692307,0.0945,0.04275865384615385
politics/2024/feb/16/labour-wins-wellingborough-byelection-gen-kitchen,article,politics,Politics,2024-02-16T06:13:19Z,16/2/2024,2024,"Labour overturns 18,000 Tory majority to win Wellingborough byelection",https://www.theguardian.com/politics/2024/feb/16/labour-wins-wellingborough-byelection-gen-kitchen,https://content.guardianapis.com/politics/2024/feb/16/labour-wins-wellingborough-byelection-gen-kitchen,False,pillar/news,News,1013,0.05507317073170733,0.8444390243902439,0.10043902439024391,0.1426560975609756
politics/2024/feb/16/kingswood-byelection-labour-overturns-big-tory-majority-to-win,article,politics,Politics,2024-02-16T03:39:07Z,16/2/2024,2024,Kingswood byelection: Labour overturns big Tory majority to win,https://www.theguardian.com/politics/2024/feb/16/kingswood-byelection-labour-overturns-big-tory-majority-to-win,https://content.guardianapis.com/politics/2024/feb/16/kingswood-byelection-labour-overturns-big-tory-majority-to-win,False,pillar/news,News,1100,0.07997560975609756,0.8436829268292683,0.07639024390243902,0.027319512195121947
us-news/2024/feb/15/fani-willis-georgia-election-case-trump,article,us-news,US news,2024-02-15T23:49:57Z,15/2/2024,2024,‘I’m not on trial’: Fani Willis denies wrongdoing over relationship with Trump prosecutor,https://www.theguardian.com/us-news/2024/feb/15/fani-willis-georgia-election-case-trump,https://content.guardianapis.com/us-news/2024/feb/15/fani-willis-georgia-election-case-trump,False,pillar/news,News,915,0.08685,0.845425,0.06772500000000001,0.008654999999999996
us-news/live/2024/feb/15/trump-ny-hush-money-georgia-trial,liveblog,us-news,US news,2024-02-15T22:51:53Z,15/2/2024,2024,Trump prosecutor Fani Willis tells misconduct hearing: ‘I’m not on trial. These people are on trial for stealing an election’ – as it happened,https://www.theguardian.com/us-news/live/2024/feb/15/trump-ny-hush-money-georgia-trial,https://content.guardianapis.com/us-news/live/2024/feb/15/trump-ny-hush-money-georgia-trial,False,pillar/news,News,7499,0.054714285714285715,0.902,0.04328571428571428,-0.055178571428571424
politics/2024/feb/15/polls-close-in-wellingborough-and-kingswood-byelections,article,politics,Politics,2024-02-15T22:00:26Z,15/2/2024,2024,Polls close in Wellingborough and Kingswood byelections,https://www.theguardian.com/politics/2024/feb/15/polls-close-in-wellingborough-and-kingswood-byelections,https://content.guardianapis.com/politics/2024/feb/15/polls-close-in-wellingborough-and-kingswood-byelections,False,pillar/news,News,672,0.06482758620689655,0.8463103448275862,0.08875862068965518,0.08632068965517241
world/2024/feb/15/vladimir-putin-tucker-carlson-interview-footage-sharp-questions,article,world,World news,2024-02-15T20:36:53Z,15/2/2024,2024,Putin says he prefers Biden to Trump and mocks Tucker Carlson’s questions,https://www.theguardian.com/world/2024/feb/15/vladimir-putin-tucker-carlson-interview-footage-sharp-questions,https://content.guardianapis.com/world/2024/feb/15/vladimir-putin-tucker-carlson-interview-footage-sharp-questions,False,pillar/news,News,730,0.06866666666666667,0.8455416666666667,0.08579166666666667,0.08094583333333334
us-news/2024/feb/15/arizona-maricopa-clint-hickman-reelection-republican-trump,article,us-news,US news,2024-02-15T20:29:22Z,15/2/2024,2024,Arizona Republican who resisted pro-Trump pressure in 2020 to stand down,https://www.theguardian.com/us-news/2024/feb/15/arizona-maricopa-clint-hickman-reelection-republican-trump,https://content.guardianapis.com/us-news/2024/feb/15/arizona-maricopa-clint-hickman-reelection-republican-trump,False,pillar/news,News,466,0.1377777777777778,0.8200555555555555,0.04216666666666666,-0.20680555555555558
uk-news/2024/feb/15/west-midlands-pcc-applies-for-judicial-review-over-scrapping-of-his-role,article,uk-news,UK news,2024-02-15T19:38:20Z,15/2/2024,2024,West Midlands PCC applies for judicial review over scrapping of his role,https://www.theguardian.com/uk-news/2024/feb/15/west-midlands-pcc-applies-for-judicial-review-over-scrapping-of-his-role,https://content.guardianapis.com/uk-news/2024/feb/15/west-midlands-pcc-applies-for-judicial-review-over-scrapping-of-his-role,False,pillar/news,News,744,0.09257142857142858,0.8400000000000001,0.06738095238095237,-0.06398571428571428
commentisfree/2024/feb/15/the-guardian-view-on-indonesias-elections-prabowos-win-is-dismal-news-for-democracy,article,commentisfree,Opinion,2024-02-15T18:36:07Z,15/2/2024,2024,The Guardian view on Indonesia’s elections: Prabowo’s win is dismal news for democracy | Editorial,https://www.theguardian.com/commentisfree/2024/feb/15/the-guardian-view-on-indonesias-elections-prabowos-win-is-dismal-news-for-democracy,https://content.guardianapis.com/commentisfree/2024/feb/15/the-guardian-view-on-indonesias-elections-prabowos-win-is-dismal-news-for-democracy,False,pillar/opinion,Opinion,596,0.0446896551724138,0.866551724137931,0.08879310344827586,0.15729655172413792
artanddesign/2024/feb/15/skyscrapers-are-wrong-on-so-many-levels,article,artanddesign,Art and design,2024-02-15T18:06:56Z,15/2/2024,2024,Skyscrapers are wrong on so many levels,https://www.theguardian.com/artanddesign/2024/feb/15/skyscrapers-are-wrong-on-so-many-levels,https://content.guardianapis.com/artanddesign/2024/feb/15/skyscrapers-are-wrong-on-so-many-levels,False,pillar/arts,Arts,293,0.025857142857142856,0.8764285714285716,0.09764285714285713,0.18594285714285716
environment/2024/feb/15/british-farmers-plan-more-french-style-tractor-protests-this-weekend,article,environment,Environment,2024-02-15T17:54:29Z,15/2/2024,2024,British farmers plan more French-style tractor protests this weekend,https://www.theguardian.com/environment/2024/feb/15/british-farmers-plan-more-french-style-tractor-protests-this-weekend,https://content.guardianapis.com/environment/2024/feb/15/british-farmers-plan-more-french-style-tractor-protests-this-weekend,False,pillar/news,News,556,0.05755555555555557,0.8508888888888889,0.09159259259259259,0.06807407407407408
football/2024/feb/15/bayern-munich-champions-league-harry-kane-blowing-it-football-daily,article,football,Football,2024-02-15T16:49:34Z,15/2/2024,2024,"Football Daily | Bayern, Big Cup and blowing it: you can take Harry Kane out of Spurs …",https://www.theguardian.com/football/2024/feb/15/bayern-munich-champions-league-harry-kane-blowing-it-football-daily,https://content.guardianapis.com/football/2024/feb/15/bayern-munich-champions-league-harry-kane-blowing-it-football-daily,False,pillar/sport,Sport,971,0.07949999999999999,0.8454736842105263,0.075,-0.006873684210526318
politics/live/2024/feb/15/kingswood-wellingborough-byelections-sunak-starmer-labour-conservatives-uk-politics-live-thursday,liveblog,politics,Politics,2024-02-15T16:13:08Z,15/2/2024,2024,"Labour accuses Hunt of being ‘out of touch’, with voting under way in Kingswood and Wellingborough byelections – as it happened",https://www.theguardian.com/politics/live/2024/feb/15/kingswood-wellingborough-byelections-sunak-starmer-labour-conservatives-uk-politics-live-thursday,https://content.guardianapis.com/politics/live/2024/feb/15/kingswood-wellingborough-byelections-sunak-starmer-labour-conservatives-uk-politics-live-thursday,False,pillar/news,News,6446,0.0545,0.8588181818181819,0.0865909090909091,0.02207272727272725
politics/2024/feb/15/a-man-in-a-hurry-david-cameron-dispenses-with-diplomatic-niceties-in-quest-to-make-a-mark-on-the-world-stage,article,politics,Politics,2024-02-15T15:10:17Z,15/2/2024,2024,No time for niceties: David Cameron in hurry to make mark on world stage,https://www.theguardian.com/politics/2024/feb/15/a-man-in-a-hurry-david-cameron-dispenses-with-diplomatic-niceties-in-quest-to-make-a-mark-on-the-world-stage,https://content.guardianapis.com/politics/2024/feb/15/a-man-in-a-hurry-david-cameron-dispenses-with-diplomatic-niceties-in-quest-to-make-a-mark-on-the-world-stage,False,pillar/news,News,1046,0.07102702702702703,0.7833243243243242,0.14562162162162162,0.16944594594594595
business/live/2024/feb/15/uk-gdp-report-economy-growth-stagnation-technical-recession-jeremy-hunt-rachel-reeves-business-live,liveblog,business,Business,2024-02-15T15:07:37Z,15/2/2024,2024,Rishi Sunak’s promise to grow the economy ‘in tatters’ as UK enters technical recession – as it happened,https://www.theguardian.com/business/live/2024/feb/15/uk-gdp-report-economy-growth-stagnation-technical-recession-jeremy-hunt-rachel-reeves-business-live,https://content.guardianapis.com/business/live/2024/feb/15/uk-gdp-report-economy-growth-stagnation-technical-recession-jeremy-hunt-rachel-reeves-business-live,False,pillar/news,News,7357,0.14042857142857143,0.8092857142857143,0.05042857142857143,-0.44092857142857145
us-news/2024/feb/02/fani-willis-relationship-trump-georgia-case-explainer,article,us-news,US news,2024-02-15T12:58:34Z,15/2/2024,2024,Fani Willis: what is the Georgia Trump prosecutor’s hearing about?,https://www.theguardian.com/us-news/2024/feb/02/fani-willis-relationship-trump-georgia-case-explainer,https://content.guardianapis.com/us-news/2024/feb/02/fani-willis-relationship-trump-georgia-case-explainer,False,pillar/news,News,857,0.06418421052631577,0.8837894736842108,0.052,-0.027657894736842097
us-news/2024/feb/15/why-today-could-decide-two-trump-criminal-cases,article,us-news,US news,2024-02-15T12:29:12Z,15/2/2024,2024,Why the events of today could decide two Trump criminal cases,https://www.theguardian.com/us-news/2024/feb/15/why-today-could-decide-two-trump-criminal-cases,https://content.guardianapis.com/us-news/2024/feb/15/why-today-could-decide-two-trump-criminal-cases,False,pillar/news,News,1428,0.07778723404255318,0.8470425531914894,0.07521276595744682,-0.06323829787234042
music/2024/feb/15/idles-tangk-review,article,music,Music,2024-02-15T11:33:52Z,15/2/2024,2024,Idles: Tangk review – a return to joy as an act of resistance,https://www.theguardian.com/music/2024/feb/15/idles-tangk-review,https://content.guardianapis.com/music/2024/feb/15/idles-tangk-review,False,pillar/arts,Arts,855,0.04504545454545454,0.7979545454545455,0.15686363636363634,0.32287727272727273
us-news/2024/feb/15/democrats-immigration-border-2024-election-tom-suozzi,article,us-news,US news,2024-02-15T11:00:01Z,15/2/2024,2024,Democrats see New York election win as model for tackling immigration issue,https://www.theguardian.com/us-news/2024/feb/15/democrats-immigration-border-2024-election-tom-suozzi,https://content.guardianapis.com/us-news/2024/feb/15/democrats-immigration-border-2024-election-tom-suozzi,False,pillar/news,News,1247,0.08724489795918368,0.8230204081632653,0.08971428571428568,-0.008963265306122452
news/2024/feb/15/pakistans-generals-elections-inside-the-16-february-guardian-weekly,article,news,News,2024-02-15T11:00:00Z,15/2/2024,2024,Pakistan’s generals’ elections: inside the 16 February Guardian Weekly,https://www.theguardian.com/news/2024/feb/15/pakistans-generals-elections-inside-the-16-february-guardian-weekly,https://content.guardianapis.com/news/2024/feb/15/pakistans-generals-elections-inside-the-16-february-guardian-weekly,False,pillar/news,News,670,0.04824137931034483,0.8648275862068965,0.08689655172413793,0.05631034482758622
politics/2024/feb/15/jeremy-hunt-considering-spending-cuts-to-fund-pre-election-tax-giveaway,article,politics,Politics,2024-02-15T09:07:00Z,15/2/2024,2024,Jeremy Hunt ‘considering spending cuts’ to fund pre-election tax giveaway,https://www.theguardian.com/politics/2024/feb/15/jeremy-hunt-considering-spending-cuts-to-fund-pre-election-tax-giveaway,https://content.guardianapis.com/politics/2024/feb/15/jeremy-hunt-considering-spending-cuts-to-fund-pre-election-tax-giveaway,False,pillar/news,News,446,0.10395238095238096,0.8084285714285715,0.08761904761904762,0.006499999999999999
business/2024/feb/15/technical-recession-headache-rishi-sunak-government-general-election-britain,article,business,Business,2024-02-15T08:35:45Z,15/2/2024,2024,Even a technical recession is a headache for Rishi Sunak,https://www.theguardian.com/business/2024/feb/15/technical-recession-headache-rishi-sunak-government-general-election-britain,https://content.guardianapis.com/business/2024/feb/15/technical-recession-headache-rishi-sunak-government-general-election-britain,False,pillar/news,News,493,0.09569230769230769,0.8123076923076925,0.09196153846153846,-0.028334615384615354
politics/ng-interactive/2024/jan/16/find-your-constituency-uk-general-election-2024-boundary-changes-votes-map-postcode,interactive,politics,Politics,2024-02-15T08:31:00Z,15/2/2024,2024,UK general election: find your new constituency – and see how it would have voted in 2019,https://www.theguardian.com/politics/ng-interactive/2024/jan/16/find-your-constituency-uk-general-election-2024-boundary-changes-votes-map-postcode,https://content.guardianapis.com/politics/ng-interactive/2024/jan/16/find-your-constituency-uk-general-election-2024-boundary-changes-votes-map-postcode,False,pillar/news,News,434,0.020285714285714282,0.912142857142857,0.06752380952380951,0.1377190476190476
world/2024/feb/15/indonesia-presidential-election-results-prabowo-subianto-likely-victory,article,world,World news,2024-02-15T06:44:13Z,15/2/2024,2024,‘Winter is coming’: activists’ fears as Prabowo Subianto likely wins Indonesia election,https://www.theguardian.com/world/2024/feb/15/indonesia-presidential-election-results-prabowo-subianto-likely-victory,https://content.guardianapis.com/world/2024/feb/15/indonesia-presidential-election-results-prabowo-subianto-likely-victory,False,pillar/news,News,594,0.10053846153846153,0.8290384615384615,0.07042307692307694,-0.058065384615384616
world/2024/feb/15/uk-europe-nuclear-shield-donald-trump-germany-nato-deterrent,article,world,World news,2024-02-15T05:00:08Z,15/2/2024,2024,"UK could contribute to nuclear shield if Trump wins, suggests German minister",https://www.theguardian.com/world/2024/feb/15/uk-europe-nuclear-shield-donald-trump-germany-nato-deterrent,https://content.guardianapis.com/world/2024/feb/15/uk-europe-nuclear-shield-donald-trump-germany-nato-deterrent,False,pillar/news,News,764,0.04025,0.8541785714285713,0.10557142857142858,0.2036964285714286
music/2024/feb/14/taylor-swift-biden-psyop-conspiracy,article,music,Music,2024-02-14T21:23:35Z,14/2/2024,2024,"Nearly one in five Americans believe Taylor Swift-Biden conspiracy, poll finds",https://www.theguardian.com/music/2024/feb/14/taylor-swift-biden-psyop-conspiracy,https://content.guardianapis.com/music/2024/feb/14/taylor-swift-biden-psyop-conspiracy,False,pillar/arts,Arts,361,0.057428571428571426,0.814,0.12871428571428573,0.19595000000000004
commentisfree/2024/feb/14/the-guardian-view-on-shifting-party-allegiances-labours-routine-poll-leads-hide-great-volatility,article,commentisfree,Opinion,2024-02-14T18:29:57Z,14/2/2024,2024,The Guardian view on shifting party allegiances: Labour’s routine poll leads hide great volatility | Editorial,https://www.theguardian.com/commentisfree/2024/feb/14/the-guardian-view-on-shifting-party-allegiances-labours-routine-poll-leads-hide-great-volatility,https://content.guardianapis.com/commentisfree/2024/feb/14/the-guardian-view-on-shifting-party-allegiances-labours-routine-poll-leads-hide-great-volatility,False,pillar/opinion,Opinion,610,0.07165624999999999,0.8515312499999999,0.07684375,0.01722499999999999
environment/2024/feb/14/joe-biden-should-end-support-for-overseas-oil-and-gas-projects,article,environment,Environment,2024-02-14T18:01:33Z,14/2/2024,2024,Joe Biden should end support for overseas oil and gas projects | Letter,https://www.theguardian.com/environment/2024/feb/14/joe-biden-should-end-support-for-overseas-oil-and-gas-projects,https://content.guardianapis.com/environment/2024/feb/14/joe-biden-should-end-support-for-overseas-oil-and-gas-projects,False,pillar/news,News,291,0.028999999999999995,0.882090909090909,0.08890909090909091,0.19804545454545455
culture/2024/feb/14/jimmy-kimmel-valentines-day-late-night-tv,article,culture,Culture,2024-02-14T16:24:03Z,14/2/2024,2024,Jimmy Kimmel on low Valentine’s Day interest: ‘People are saying they prefer chicken wings to sex’,https://www.theguardian.com/culture/2024/feb/14/jimmy-kimmel-valentines-day-late-night-tv,https://content.guardianapis.com/culture/2024/feb/14/jimmy-kimmel-valentines-day-late-night-tv,False,pillar/arts,Arts,796,0.061675000000000015,0.8601249999999998,0.07817500000000002,0.06656750000000002
commentisfree/2024/feb/14/rishi-sunak-keir-starmer-pr-election-vogue-tv,article,commentisfree,Opinion,2024-02-14T13:51:38Z,14/2/2024,2024,Sunak on the sofa and Starmer in soft focus: prepare for a PR war pretending to be an election | Frances Ryan,https://www.theguardian.com/commentisfree/2024/feb/14/rishi-sunak-keir-starmer-pr-election-vogue-tv,https://content.guardianapis.com/commentisfree/2024/feb/14/rishi-sunak-keir-starmer-pr-election-vogue-tv,False,pillar/opinion,Opinion,975,0.060250000000000005,0.8318749999999999,0.10795000000000002,0.08816500000000002
us-news/2024/feb/14/tom-suozzi-wins-new-york-election-george-santos,article,us-news,US news,2024-02-14T13:13:01Z,14/2/2024,2024,New York special election: Tom Suozzi wins seat vacated by George Santos in boost for Biden,https://www.theguardian.com/us-news/2024/feb/14/tom-suozzi-wins-new-york-election-george-santos,https://content.guardianapis.com/us-news/2024/feb/14/tom-suozzi-wins-new-york-election-george-santos,False,pillar/news,News,911,0.07714285714285715,0.8427142857142855,0.08017142857142857,0.011637142857142851
commentisfree/2024/feb/14/us-supreme-court-trump-election-sidney-blumenthal,article,commentisfree,Opinion,2024-02-14T11:01:35Z,14/2/2024,2024,The US supreme court may turn this election into a constitutional crisis | Sidney Blumenthal,https://www.theguardian.com/commentisfree/2024/feb/14/us-supreme-court-trump-election-sidney-blumenthal,https://content.guardianapis.com/commentisfree/2024/feb/14/us-supreme-court-trump-election-sidney-blumenthal,False,pillar/opinion,Opinion,2646,0.0728761904761905,0.8380952380952381,0.08904761904761906,0.033959047619047604
world/2024/feb/14/indonesians-vote-in-worlds-biggest-one-day-election,article,world,World news,2024-02-14T11:01:23Z,14/2/2024,2024,Free coffee and pouring rain: Indonesians vote in world’s biggest one-day election,https://www.theguardian.com/world/2024/feb/14/indonesians-vote-in-worlds-biggest-one-day-election,https://content.guardianapis.com/world/2024/feb/14/indonesians-vote-in-worlds-biggest-one-day-election,False,pillar/news,News,929,0.050208333333333334,0.8198124999999998,0.12995833333333334,0.24534999999999998
us-news/2024/feb/14/biden-netanyahu-israel-gaza-advice,article,us-news,US news,2024-02-14T09:30:33Z,14/2/2024,2024,Biden inches away from Netanyahu as Israeli PM fails to heed US on Gaza,https://www.theguardian.com/us-news/2024/feb/14/biden-netanyahu-israel-gaza-advice,https://content.guardianapis.com/us-news/2024/feb/14/biden-netanyahu-israel-gaza-advice,False,pillar/news,News,1179,0.09009302325581396,0.8500697674418606,0.05990697674418604,-0.12723953488372095
commentisfree/2024/feb/14/brexit-tackle-politics-children-football,article,commentisfree,Opinion,2024-02-14T08:00:32Z,14/2/2024,2024,Why are kids doing the ‘Brexit tackle’? They’re having fun at adults’ expense – and mocking our toxic politics | Lola Okolosie,https://www.theguardian.com/commentisfree/2024/feb/14/brexit-tackle-politics-children-football,https://content.guardianapis.com/commentisfree/2024/feb/14/brexit-tackle-politics-children-football,False,pillar/opinion,Opinion,645,0.03451851851851852,0.8714814814814813,0.09396296296296294,0.1651666666666667
australia-news/2024/feb/14/missing-ballarat-woman-samantha-murphy-disappearance-suspicious-victoria-police,article,australia-news,Australia news,2024-02-14T06:23:18Z,14/2/2024,2024,"Missing Ballarat woman Samantha Murphy’s disappearance ‘suspicious’ and ‘unusual’, police say",https://www.theguardian.com/australia-news/2024/feb/14/missing-ballarat-woman-samantha-murphy-disappearance-suspicious-victoria-police,https://content.guardianapis.com/australia-news/2024/feb/14/missing-ballarat-woman-samantha-murphy-disappearance-suspicious-victoria-police,False,pillar/news,News,630,0.08756666666666665,0.8724333333333334,0.04006666666666667,-0.1002733333333333
world/2024/feb/14/indonesia-election-2024-impact-relationship-with-australia-results-polls-prabowo-subianto-,article,world,World news,2024-02-14T06:01:26Z,14/2/2024,2024,"Indonesia election 2024: from trade to security, what it could mean for Australia",https://www.theguardian.com/world/2024/feb/14/indonesia-election-2024-impact-relationship-with-australia-results-polls-prabowo-subianto-,https://content.guardianapis.com/world/2024/feb/14/indonesia-election-2024-impact-relationship-with-australia-results-polls-prabowo-subianto-,False,pillar/news,News,822,0.023709677419354834,0.8859999999999997,0.09029032258064516,0.20596451612903227
commentisfree/2024/feb/14/europe-us-britain-uk-foreign-policy-eu-washington-donald-trump,article,commentisfree,Opinion,2024-02-14T06:00:29Z,14/2/2024,2024,Europe and the US are drifting further apart – and Britain will be left to flounder | Rafael Behr,https://www.theguardian.com/commentisfree/2024/feb/14/europe-us-britain-uk-foreign-policy-eu-washington-donald-trump,https://content.guardianapis.com/commentisfree/2024/feb/14/europe-us-britain-uk-foreign-policy-eu-washington-donald-trump,False,pillar/opinion,Opinion,1172,0.08056164383561644,0.8401780821917807,0.07923287671232876,-0.009938356164383563
australia-news/live/2024/feb/14/australia-politics-live-food-banks-ai-tasmania-election-aged-care-treaty-question-time-anthony-albanese-peter-dutton-labor-coalition-greens,liveblog,australia-news,Australia news,2024-02-14T05:45:08Z,14/2/2024,2024,Queensland introduces carbon target bill; Tasmanian premier calls election – as it happened,https://www.theguardian.com/australia-news/live/2024/feb/14/australia-politics-live-food-banks-ai-tasmania-election-aged-care-treaty-question-time-anthony-albanese-peter-dutton-labor-coalition-greens,https://content.guardianapis.com/australia-news/live/2024/feb/14/australia-politics-live-food-banks-ai-tasmania-election-aged-care-treaty-question-time-anthony-albanese-peter-dutton-labor-coalition-greens,False,pillar/news,News,14237,0.0,0.7958571428571428,0.20414285714285713,0.30935714285714283
world/2024/feb/14/kidnapped-new-zealand-pilot-phillip-mehrtens-release-west-papua-rebels,article,world,World news,2024-02-14T05:20:42Z,14/2/2024,2024,West Papua rebels release video of kidnapped former Jetstar pilot,https://www.theguardian.com/world/2024/feb/14/kidnapped-new-zealand-pilot-phillip-mehrtens-release-west-papua-rebels,https://content.guardianapis.com/world/2024/feb/14/kidnapped-new-zealand-pilot-phillip-mehrtens-release-west-papua-rebels,False,pillar/news,News,541,0.06594444444444444,0.8275555555555557,0.1065,0.1476888888888889
australia-news/2024/feb/14/alleged-mushroom-poisoning-erin-patterson-police-dogs-find-five-ipads-and-other-devices-leongatha-home-victoria-australia,article,australia-news,Australia news,2024-02-14T00:05:45Z,14/2/2024,2024,Alleged mushroom poisoning: five iPads and other devices sniffed out by police dogs at Erin Patterson’s Leongatha home,https://www.theguardian.com/australia-news/2024/feb/14/alleged-mushroom-poisoning-erin-patterson-police-dogs-find-five-ipads-and-other-devices-leongatha-home-victoria-australia,https://content.guardianapis.com/australia-news/2024/feb/14/alleged-mushroom-poisoning-erin-patterson-police-dogs-find-five-ipads-and-other-devices-leongatha-home-victoria-australia,False,pillar/news,News,367,0.11926666666666666,0.8407333333333333,0.04000000000000001,-0.25220666666666663
world/2024/feb/13/pakistan-coalition-agrees-to-form-government-and-shut-out-imran-khans-party,article,world,World news,2024-02-13T19:53:23Z,13/2/2024,2024,Pakistan: coalition agrees to form government and shut out Imran Khan’s party,https://www.theguardian.com/world/2024/feb/13/pakistan-coalition-agrees-to-form-government-and-shut-out-imran-khans-party,https://content.guardianapis.com/world/2024/feb/13/pakistan-coalition-agrees-to-form-government-and-shut-out-imran-khans-party,False,pillar/news,News,792,0.06788888888888889,0.8500370370370371,0.08207407407407408,0.056077777777777754
world/2024/feb/13/pakistan-election-imran-khan-military-nawaz-sharif-coalition-government,article,world,World news,2024-02-13T18:35:00Z,13/2/2024,2024,Election turmoil leaves Pakistan with a weak and unpopular coalition,https://www.theguardian.com/world/2024/feb/13/pakistan-election-imran-khan-military-nawaz-sharif-coalition-government,https://content.guardianapis.com/world/2024/feb/13/pakistan-election-imran-khan-military-nawaz-sharif-coalition-government,False,pillar/news,News,1123,0.08700000000000001,0.8248837209302325,0.08813953488372094,0.038058139534883725
politics/live/2024/feb/13/labour-rochdale-byelection-azhar-ali-rishi-sunak-keir-starmer-conservatives-labour-uk-politics-live,liveblog,politics,Politics,2024-02-13T16:38:12Z,13/2/2024,2024,"Two-state solution ‘not rewarding Hamas’, Cameron tells Lords – as it happened",https://www.theguardian.com/politics/live/2024/feb/13/labour-rochdale-byelection-azhar-ali-rishi-sunak-keir-starmer-conservatives-labour-uk-politics-live,https://content.guardianapis.com/politics/live/2024/feb/13/labour-rochdale-byelection-azhar-ali-rishi-sunak-keir-starmer-conservatives-labour-uk-politics-live,False,pillar/news,News,6975,0.04511111111111112,0.8611111111111112,0.09377777777777778,0.13019999999999998
world/2024/feb/13/us-senate-approves-95bn-aid-for-ukraine-israel-and-taiwan,article,us-news,US news,2024-02-13T16:16:43Z,13/2/2024,2024,"US Senate approves $95bn aid package for Ukraine, Israel and Taiwan",https://www.theguardian.com/world/2024/feb/13/us-senate-approves-95bn-aid-for-ukraine-israel-and-taiwan,https://content.guardianapis.com/world/2024/feb/13/us-senate-approves-95bn-aid-for-ukraine-israel-and-taiwan,False,pillar/news,News,1155,0.05316216216216216,0.8606756756756756,0.08610810810810811,0.11631621621621621
business/live/2024/feb/13/uk-pay-growth-slows-employment-unemployment-us-inflation-business-live,liveblog,business,Business,2024-02-13T16:01:23Z,13/2/2024,2024,The Body Shop UK falls into administration; UK wage growth and US inflation hit rate cut hopes – as it happened,https://www.theguardian.com/business/live/2024/feb/13/uk-pay-growth-slows-employment-unemployment-us-inflation-business-live,https://content.guardianapis.com/business/live/2024/feb/13/uk-pay-growth-slows-employment-unemployment-us-inflation-business-live,False,pillar/news,News,5760,0.07429411764705882,0.8713529411764708,0.054294117647058826,-0.0898470588235294
politics/2024/feb/13/young-climate-activists-labour-candidate-selections-green-new-deal-rising,article,environment,Environment,2024-02-13T15:22:06Z,13/2/2024,2024,Young climate activists aim to sway six Labour candidate selections ,https://www.theguardian.com/politics/2024/feb/13/young-climate-activists-labour-candidate-selections-green-new-deal-rising,https://content.guardianapis.com/politics/2024/feb/13/young-climate-activists-labour-candidate-selections-green-new-deal-rising,False,pillar/news,News,513,0.017750000000000002,0.9050625000000001,0.0771875,0.281
australia-news/2024/feb/13/afp-officer-tells-senate-he-would-repeat-undercover-operation-on-autistic-teenager,article,australia-news,Australia news,2024-02-13T15:13:08Z,13/2/2024,2024,AFP officer tells Senate he would repeat undercover operation on autistic teenager ,https://www.theguardian.com/australia-news/2024/feb/13/afp-officer-tells-senate-he-would-repeat-undercover-operation-on-autistic-teenager,https://content.guardianapis.com/australia-news/2024/feb/13/afp-officer-tells-senate-he-would-repeat-undercover-operation-on-autistic-teenager,False,pillar/news,News,798,0.06424137931034482,0.8696551724137932,0.06610344827586209,-0.018872413793103445
business/2024/feb/13/post-brexit-investigate-chinese-electric-cars-trade-uk,article,business,Business,2024-02-13T15:05:01Z,13/2/2024,2024,Post-Brexit watchdog ‘ready’ to investigate flood of cheaper Chinese electric cars,https://www.theguardian.com/business/2024/feb/13/post-brexit-investigate-chinese-electric-cars-trade-uk,https://content.guardianapis.com/business/2024/feb/13/post-brexit-investigate-chinese-electric-cars-trade-uk,False,pillar/news,News,881,0.025516129032258066,0.9158064516129031,0.05864516129032258,0.1156258064516129
politics/2024/feb/13/who-are-the-rochdale-byelection-candidates-and-what-do-they-stand-for,article,politics,Politics,2024-02-13T14:04:58Z,13/2/2024,2024,Who are the Rochdale byelection candidates – and what do they stand for?,https://www.theguardian.com/politics/2024/feb/13/who-are-the-rochdale-byelection-candidates-and-what-do-they-stand-for,https://content.guardianapis.com/politics/2024/feb/13/who-are-the-rochdale-byelection-candidates-and-what-do-they-stand-for,False,pillar/news,News,831,0.075,0.8633928571428572,0.06157142857142857,-0.018667857142857132
australia-news/2024/feb/14/nsw-taskforce-aims-to-return-indigenous-children-to-their-families,article,australia-news,Australia news,2024-02-13T14:00:32Z,13/2/2024,2024,NSW taskforce aims to return Indigenous children to their families,https://www.theguardian.com/australia-news/2024/feb/14/nsw-taskforce-aims-to-return-indigenous-children-to-their-families,https://content.guardianapis.com/australia-news/2024/feb/14/nsw-taskforce-aims-to-return-indigenous-children-to-their-families,False,pillar/news,News,701,0.02032,0.89936,0.08032000000000002,0.25189600000000006
australia-news/2024/feb/14/peter-dutton-intervened-to-allow-criminal-to-extend-stay-in-australia,article,australia-news,Australia news,2024-02-13T14:00:32Z,13/2/2024,2024,Peter Dutton intervened to allow criminal to extend stay in Australia ,https://www.theguardian.com/australia-news/2024/feb/14/peter-dutton-intervened-to-allow-criminal-to-extend-stay-in-australia,https://content.guardianapis.com/australia-news/2024/feb/14/peter-dutton-intervened-to-allow-criminal-to-extend-stay-in-australia,False,pillar/news,News,866,0.04629629629629631,0.8750000000000002,0.07870370370370372,0.08158518518518518
australia-news/2024/feb/14/fossil-fuel-tax-australia-revenue-economists-ross-garnaut-rod-sims,article,australia-news,Australia news,2024-02-13T14:00:30Z,13/2/2024,2024,"Australian fossil fuel tax could raise $100bn in first year alone, Rod Sims and Ross Garnaut say",https://www.theguardian.com/australia-news/2024/feb/14/fossil-fuel-tax-australia-revenue-economists-ross-garnaut-rod-sims,https://content.guardianapis.com/australia-news/2024/feb/14/fossil-fuel-tax-australia-revenue-economists-ross-garnaut-rod-sims,False,pillar/news,News,730,0.06676190476190477,0.8572380952380954,0.07604761904761904,0.11185238095238095
us-news/2024/feb/13/vote-replace-george-santos-tom-suozzi-mazi-pilip,article,us-news,US news,2024-02-13T13:00:46Z,13/2/2024,2024,Voters heads to polls to replace disgraced Republican George Santos in Long Island district,https://www.theguardian.com/us-news/2024/feb/13/vote-replace-george-santos-tom-suozzi-mazi-pilip,https://content.guardianapis.com/us-news/2024/feb/13/vote-replace-george-santos-tom-suozzi-mazi-pilip,False,pillar/news,News,597,0.05285714285714286,0.9037619047619048,0.04338095238095238,0.009166666666666672
commentisfree/2024/feb/13/us-stop-horror-rafah-israel-gaza,article,commentisfree,Opinion,2024-02-13T11:36:33Z,13/2/2024,2024,The US could stop the horror in Rafah today. Why won’t it? | Paul Rogers,https://www.theguardian.com/commentisfree/2024/feb/13/us-stop-horror-rafah-israel-gaza,https://content.guardianapis.com/commentisfree/2024/feb/13/us-stop-horror-rafah-israel-gaza,False,pillar/opinion,Opinion,965,0.11386046511627909,0.7759302325581395,0.11018604651162794,-0.08263953488372092
lifeandstyle/2024/feb/13/people-always-gossiped-about-our-sleeping-arrangements-how-100-people-share-a-happy-home-in-the-netherlands,article,lifeandstyle,Life and style,2024-02-13T10:00:23Z,13/2/2024,2024,‘People always gossiped about our sleeping arrangements!’ How 100 people share a happy home in the Netherlands,https://www.theguardian.com/lifeandstyle/2024/feb/13/people-always-gossiped-about-our-sleeping-arrangements-how-100-people-share-a-happy-home-in-the-netherlands,https://content.guardianapis.com/lifeandstyle/2024/feb/13/people-always-gossiped-about-our-sleeping-arrangements-how-100-people-share-a-happy-home-in-the-netherlands,False,pillar/lifestyle,Lifestyle,2243,0.04174166666666666,0.8729000000000002,0.08535833333333337,0.11791666666666668
music/2024/feb/13/idles-band-interview-new-album-tangk,article,music,Music,2024-02-13T09:02:36Z,13/2/2024,2024,The return of Idles: ‘I don’t have to hide behind violence any more’,https://www.theguardian.com/music/2024/feb/13/idles-band-interview-new-album-tangk,https://content.guardianapis.com/music/2024/feb/13/idles-band-interview-new-album-tangk,False,pillar/arts,Arts,1772,0.08826881720430109,0.8290537634408599,0.08267741935483872,0.03490107526881721
world/2024/feb/13/tuesday-briefing-first-edition-scotland-humza-yousaf-snp-nicola-sturgeon,article,world,World news,2024-02-13T06:41:07Z,13/2/2024,2024,Tuesday briefing: Inside Humza Yousaf’s uphill battle to help the SNP rediscover its mojo,https://www.theguardian.com/world/2024/feb/13/tuesday-briefing-first-edition-scotland-humza-yousaf-snp-nicola-sturgeon,https://content.guardianapis.com/world/2024/feb/13/tuesday-briefing-first-edition-scotland-humza-yousaf-snp-nicola-sturgeon,False,pillar/news,News,2098,0.09247435897435899,0.8181923076923076,0.08932051282051283,-0.019670512820512815
world/2024/feb/13/indonesia-election-2024-president-joko-widodo-prabowo-subianto-interference-allegation,article,world,World news,2024-02-13T01:56:12Z,13/2/2024,2024,Indonesia election: president criticised over alleged interference on behalf of Prabowo,https://www.theguardian.com/world/2024/feb/13/indonesia-election-2024-president-joko-widodo-prabowo-subianto-interference-allegation,https://content.guardianapis.com/world/2024/feb/13/indonesia-election-2024-president-joko-widodo-prabowo-subianto-interference-allegation,False,pillar/news,News,661,0.07111111111111111,0.8343333333333334,0.09459259259259258,0.061659259259259275
technology/2024/feb/13/joe-biden-tiktok-campaign-national-security-social-media,article,technology,Technology,2024-02-13T01:20:26Z,13/2/2024,2024,Biden campaign decision to join TikTok raises national security concerns,https://www.theguardian.com/technology/2024/feb/13/joe-biden-tiktok-campaign-national-security-social-media,https://content.guardianapis.com/technology/2024/feb/13/joe-biden-tiktok-campaign-national-security-social-media,False,pillar/news,News,434,0.033352941176470585,0.885470588235294,0.08111764705882353,0.14688823529411765
politics/2024/feb/12/rishi-uses-his-big-break-on-gb-news-to-remind-us-he-cant-connect-with-people,article,politics,Politics,2024-02-12T22:42:35Z,12/2/2024,2024,Rish! uses his big break on GB News to remind us he can’t connect with people,https://www.theguardian.com/politics/2024/feb/12/rishi-uses-his-big-break-on-gb-news-to-remind-us-he-cant-connect-with-people,https://content.guardianapis.com/politics/2024/feb/12/rishi-uses-his-big-break-on-gb-news-to-remind-us-he-cant-connect-with-people,False,pillar/news,News,1030,0.07235294117647059,0.8832857142857142,0.044369747899159664,-0.021647899159663857
us-news/2024/feb/12/trump-election-interference-case-stay-delay,article,us-news,US news,2024-02-12T22:08:25Z,12/2/2024,2024,Trump asks US supreme court to keep election interference case frozen,https://www.theguardian.com/us-news/2024/feb/12/trump-election-interference-case-stay-delay,https://content.guardianapis.com/us-news/2024/feb/12/trump-election-interference-case-stay-delay,False,pillar/news,News,934,0.06289285714285715,0.8263571428571428,0.11082142857142856,0.223825
politics/live/2024/feb/12/rishi-sunak-keir-starmer-rochdale-rwanda-conservatives-labour-uk-politics-live,liveblog,politics,Politics,2024-02-12T21:12:50Z,12/2/2024,2024,Rishi Sunak tells voters he is ‘absolutely’ committed to Rwanda during Q&A on GB News – as it happened,https://www.theguardian.com/politics/live/2024/feb/12/rishi-sunak-keir-starmer-rochdale-rwanda-conservatives-labour-uk-politics-live,https://content.guardianapis.com/politics/live/2024/feb/12/rishi-sunak-keir-starmer-rochdale-rwanda-conservatives-labour-uk-politics-live,False,pillar/news,News,7355,0.11385714285714285,0.8480000000000001,0.038142857142857145,-0.1733642857142857
technology/2024/feb/12/french-security-experts-identify-moscow-based-disinformation-network,article,technology,Technology,2024-02-12T20:47:38Z,12/2/2024,2024,French security experts identify Moscow-based disinformation network,https://www.theguardian.com/technology/2024/feb/12/french-security-experts-identify-moscow-based-disinformation-network,https://content.guardianapis.com/technology/2024/feb/12/french-security-experts-identify-moscow-based-disinformation-network,False,pillar/news,News,769,0.07740000000000001,0.8784400000000001,0.04412,-0.09877599999999999
business/live/2024/feb/12/the-body-shop-uk-set-to-appoint-administrators-biden-shrinkflation-economy-europe-business-live,liveblog,business,Business,2024-02-12T19:07:38Z,12/2/2024,2024,The Body Shop set to appoint administrators; UK hit by ‘significant long-run cost of Brexit’ – as it happened,https://www.theguardian.com/business/live/2024/feb/12/the-body-shop-uk-set-to-appoint-administrators-biden-shrinkflation-economy-europe-business-live,https://content.guardianapis.com/business/live/2024/feb/12/the-body-shop-uk-set-to-appoint-administrators-biden-shrinkflation-economy-europe-business-live,False,pillar/news,News,4921,0.06318181818181817,0.8473636363636365,0.08963636363636364,0.06323636363636363
commentisfree/2024/feb/12/pakistan-chaotic-election-clash-elites-ordinary-people,article,commentisfree,Opinion,2024-02-12T13:42:51Z,12/2/2024,2024,Who can form a government in Pakistan’s post-election chaos? The answer isn’t straightforward | Hameed Hakimi,https://www.theguardian.com/commentisfree/2024/feb/12/pakistan-chaotic-election-clash-elites-ordinary-people,https://content.guardianapis.com/commentisfree/2024/feb/12/pakistan-chaotic-election-clash-elites-ordinary-people,False,pillar/opinion,Opinion,953,0.09718604651162792,0.8275813953488373,0.07525581395348838,-0.05117674418604652
politics/2024/feb/12/snp-one-year-on-nicola-sturgeon-resignation,article,politics,Politics,2024-02-12T11:05:39Z,12/2/2024,2024,Deleted WhatsApps and iPad uproar: SNP a year after Sturgeon resignation,https://www.theguardian.com/politics/2024/feb/12/snp-one-year-on-nicola-sturgeon-resignation,https://content.guardianapis.com/politics/2024/feb/12/snp-one-year-on-nicola-sturgeon-resignation,False,pillar/news,News,1008,0.06416216216216215,0.837810810810811,0.09799999999999999,0.10813783783783784
world/2024/feb/12/indonesia-election-2024-k-pop-tiktok-and-cats-the-fight-to-win-the-key-youth-vote,article,world,World news,2024-02-12T03:43:05Z,12/2/2024,2024,"K-pop, TikTok and cats: the fight to win the key youth vote in Indonesia’s election",https://www.theguardian.com/world/2024/feb/12/indonesia-election-2024-k-pop-tiktok-and-cats-the-fight-to-win-the-key-youth-vote,https://content.guardianapis.com/world/2024/feb/12/indonesia-election-2024-k-pop-tiktok-and-cats-the-fight-to-win-the-key-youth-vote,False,pillar/news,News,1248,0.05596153846153848,0.8286923076923074,0.11538461538461539,0.12711153846153847
world/2024/feb/11/protests-pakistan-election-vote-rigging-allegations-imran-khan,article,world,World news,2024-02-12T01:51:24Z,12/2/2024,2024,Protests take place across Pakistan amid election vote-rigging allegations,https://www.theguardian.com/world/2024/feb/11/protests-pakistan-election-vote-rigging-allegations-imran-khan,https://content.guardianapis.com/world/2024/feb/11/protests-pakistan-election-vote-rigging-allegations-imran-khan,False,pillar/news,News,922,0.11705555555555557,0.789222222222222,0.09372222222222223,-0.06009444444444445
